text,createTime
Blue is my favorite colorğŸ’™ #blue #flowerclip #brunomars #lipsync #fyp #foryou #abg #asian #asiangirl #makeuptut #pourtoi #fÃ¼rdich #fyppppppppppppppppppppppp #viral ,1722081297
ABG HEAVEN,1717904624
From Blonde Party Girl To Black Beauty: The Evolution Of ABGs ğŸ’ğŸ¼â€â™€ï¸â¡ï¸ğŸ’ğŸ»â€â™€ï¸ #fyp #fypã‚· #foryou #talkricetome #podcast #asian #asiangirl #abg #hair #hairstyle ,1712159800
Repost #fyp #foryou #foryoupage #asianbaddie #abg #xyzbca #viral ,1723435846
This isnâ€™t usually my aesthetic but I totally dig it ğŸ˜³ #abg #abgchallenge,1593072698
realistically itâ€™s week 4 all the time #fypp #ootd #grwm #abg ,1723933809
I Tried ABG makeup ğŸ˜­ğŸ˜­,1718745746
i â¤ï¸ abgs #asian #abg #boba ,1723403075
i â¤ï¸ abgs #asian #abg #boba ,1723571824
I feel uncomfortableâ€¦ #abg #boba #04 #05 #06 #keshi #ilove #kevinnguyen ,1726866846
In her barbie era @Emkay Vee @HouseofÃ‰lan #fyp #hairtransformation #abg #hair #viral #trending #blondehair #baddie #blondebalayage #hairstylist ,1698197342
I kinda like it but anyways use my code YNNAFILES on hapa kristin for a discountğŸ˜˜ #abg #abgmakeup #copyandpaste #copyandpasteasian #asian #makeup #grwm #xyzbca #makemefamous #flopera #boba #filipino #chinese #viet #07 #fyp #fypã‚· ,1700814317
#babyface #morningcutebaby #cutebaby #asianbaby #kawaii #littlegirl #prettygirl ,1687396609
OMMMMMMMG WHAT ğŸ˜‚ğŸ˜­ğŸ˜­ğŸ˜‚ğŸ˜‚ @jooshica #koreanmakeup #abgmakeup,1610155045
kiá»ƒu mÃ  áº¿ dai dáº³ngğŸ¤¡ #makeup #abg #asianbabygirl #fact ,1730898303
#asian #petite #tiktokusa #tinygirl ,1691643668
Vitamin SEA #tiktok #asiangirl #girldouyin #trending #cute #beauty #fyp #sea #sexy ,1694212089
Beautiful Chinese girls ğŸ˜â¤ï¸  #prettywoman #girl #asiangirls #bikinimodel #prettygirls #bikini #beautytiktok ,1731696616
#duet with @GoldenGunnz #callthepopo  #epic #music #singing #asian #madea ,1706357859
Little Asian Girl Dancing Meme Template #niÃ±abailando #kidsdancing #cutelittlegirldancing #dancing,1701180596
#asianbaby #cutebaby #morningcutebaby #littlegirl ,1681781338
ABG ANTHEM #abg #asianbabygirl #abganthem #partygirl #kevinnguyen #bobaaddict #asiangirlanthem #original,1591919085
PSA ABG did not originally mean asian baby girl (the way its used today) only making this cuz i seen so much southeast asian hate being done by east asians on this app recently #lao #asianbabygangsta ,1718769724
,1696924373
Baby gangsta walk #babyswag #gangstawalk #funnybaby #waddling #fyp #koreanbaby #babyfaces,1590357849
Our lil gangsta ğŸ’œ #capcut #ourlilprincess #asianmexicanbaby #babiesoftiktok #babylove #babytiktok ,1732227280
ğŸª„âœ¨ #capcut  #australia #pinay #asianbabygangster ,1699001524
Why my baby look so angry?! ğŸ˜‚ #blasian#korean#babyboy,1646952564
Gang babyğŸ¤«ğŸ§ğŸ»â€â™€ï¸ #asian #08 #09 #hmong ,1732474343
Where my Baby Gangstas at?! ğŸ–¤ğŸ–¤ğŸ–¤ #baby #gangsta #gangster #babygang #ganggang #hardknocklife #cute #cutebaby #toddlerthuglife #babythuglife #lol #letsgo ,1715643091
#abg #abgmakeup ,1728747048
ğŸ¤”? #fypã‚· #Ù…ÙŠØ³ÙŠ #Ø±ÙˆÙ†Ø§Ù„Ø¯Ùˆ #Ø±ÙŠØ§Ù„_Ù…Ø¯Ø±ÙŠØ¯ #Ø¨Ø±Ø´Ù„ÙˆÙ†Ø© #ÙƒÙˆÙˆØ±Ø© ,1703942054
,1733621777
bisa uda?,1733630789
#JJCapCut ğŸ¤­ğŸ¤­,1733638878
Menyala abgkuuhhğŸ˜œğŸ¤˜ğŸ» [#aikekanda #kekanda #aiteam #fyp #semogafyp #lookatme ],1733637759
Ø§Ù„Ø£ØºÙ†ÙŠØ© Ø§Ø¯Ù…Ø§Ù†Ù†Ù†Ù† ğŸ‡¾ğŸ‡ªâ¤ï¸ | #CapCut #Ø§Ù„ÙŠÙ…Ù† #Ù…Ø§Ø¹Ø¯_Ø¨ØµØ¨Ø± #fypã‚· #fypã‚·ã‚šviral #Ø§Ù„Ø´Ø¹Ø¨_Ø§Ù„ØµÙŠÙ†ÙŠ_Ù…Ø§Ù„Ù‡_Ø­Ù„ğŸ˜‚ğŸ˜‚ #explore #Ø¯Ø¨ÙŠ #Ø§Ù„Ø³Ø¹ÙˆØ¯ÙŠØ© #Ø§ÙƒØ³Ø¨Ù„ÙˆØ±Ø±Ø±Ø±Ø± #Ù…Ø§Ù„ÙŠ_Ø®Ù„Ù‚_Ø§Ø­Ø·_Ù‡Ø§Ø´ØªØ§Ù‚Ø§Øª #Ø§Ù„Ø´Ø§Ø±Ù‚Ø© #foryoupageofficiall #Ø¯Ø¨ÙŠ #video ,1680197509
draft BUT ANYTHING HE CAN DO I DO BETTERR #fyy #viet #08 #fyp #fy #asian #4u #xyzbca #abcxyz #trend #makeup #douyin #x #dc  #xuhuong #real #relateable #xuhuongtiktok #abg #korean #filipino #him #bestfriend #bestie #bsf ,1722521386
Membantu abg gojekğŸ¥°,1733632727
BG 419 | ABG TUA #liriklagu #abgtua  #aliabdulaziz #coverlagu  #covergitar #music  #fyp #fypã‚·  #endik644 #capcut ,1733643006
,1733621812
Mak abg dah xde..kita share la rezki ngan mereka.. layanlah..happykan mereka selagi masih ade masa..rakam byk2 detik Manis..amik la byk2 pic ngan mereka..kerana bila mereka dah xde..rindu itu amat pedih dan xde penghujung ğŸ˜­ğŸ˜­ğŸ™,1733631768
nnti abg buat morning voiceğŸ¥¹omey angatğŸ—¿ #cikoonly #fypã‚· #bismillahfyp #projekrsciko #projekrsmerah #takmerahtakkawan #CapCut ,1733637278
ehhhÂ² terserempak ngan bakal jodoh laa pulak ğŸ¤­. hatiÂ² bawa moto tu abgÂ² rxz #rxzmelakaeattack #rxzmalaysia #rxzmember #rxzcatalyzer #fyp #xybca ,1733638899
ğŸ˜” | #CapCut #fypã‚· #foryou #Ø­Ø³ÙŠÙ†_Ø§Ù„Ø¬Ø³Ù…ÙŠ #Ø§ØµØ§Ù„Ø© #Ø§ÙƒØ³Ø¨Ù„ÙˆØ±explore #Ø§Ù„Ø´Ø¹Ø¨_Ø§Ù„ØµÙŠÙ†ÙŠ_Ù…Ø§Ù„Ù‡_Ø­Ù„ğŸ˜‚ğŸ˜‚ #Ù…Ø§Ù„ÙŠ_Ø®Ù„Ù‚_Ø§Ø­Ø·_Ù‡Ø§Ø´ØªØ§Ù‚Ø§Øª #Ø§ÙƒØ³Ø¨Ù„ÙˆØ±Ø± #Ø§ÙƒØ³Ø¨Ù„ÙˆØ± #Ø¯Ø¨ÙŠ #Ø§Ù„ÙŠÙˆÙ…_Ø§Ù„ÙˆØ·Ù†ÙŠ_Ø§Ù„Ø³Ø¹ÙˆØ¯ÙŠ #uae #dubai #foryoupage #fypã‚·ã‚šviral #a #abudhabi #Ø§Ù„Ø¯Ù†ÙŠØ§ ,1695398165
Ø§Ù„Ø¬Ø²Ø¡ Ø§Ù„Ø«Ø§Ù†ÙŠ â¤ï¸ğŸ”¥ #fypã‚· #Ø§ÙƒØ³Ø¨Ù„ÙˆØ± #ÙƒÙˆÙˆØ±Ø© #Ø¨Ø±Ø´Ù„ÙˆÙ†Ø© #Ø±ÙŠØ§Ù„_Ù…Ø¯Ø±ÙŠØ¯ #Ø§Ø³Ø¨Ø§Ù†ÙŠØ§ ,1679218631
Abaikan baju2 preloved kt belakang tu ğŸ˜ . Situation bila nk p bday party abg dia.. dia lg awai bersiap dr kitaaaaa .. Hat mana hat viral & trending dia yg tau dulu .. kami layankan ajerğŸ˜ . #aaisyahdhiarana #cheta  #twcskintific #tahanlamatte,1733634356
#fypã‚· #Ø§ÙƒØ³Ø¨Ù„ÙˆØ± #ÙƒÙˆÙˆØ±Ø© #Ø§Ø³Ø¨Ø§Ù†ÙŠØ§ #Ø¨Ø±Ø´Ù„ÙˆÙ†Ø© #Ø±ÙŠØ§Ù„_Ù…Ø¯Ø±ÙŠØ¯ ,1682460622
#abgred #datored #datoredamiadira #datoredadira #abgredadira ,1717657276
yebedabedu rase nk terbang rasenye ai nihâ€¦. #abgred #datored #barubelajar #iditvideo ,1720419208
Pandai @aslam dodoikan @Umisyamazlan ğŸ¥º #abgtesla #umisyamazlan ,1715921338
Review Android Smart Tablet Termurah #abgunboxing #unboxing #androidtablet #tabletandroid #reviewgajet #reviewtech ,1714638695
Stock Japan king crab mendarat 1 tan #abglobster #nasilemaklobster ,1728551817
Project kereta perang diteruskan #abgtesla #fl5 #fl5typer #honda ,1715090332
nunggu abg ganteng bangun nich â˜ºï¸ || KKN 92 â€¼ï¸ __________________________ #kkn #uinsa #kkn2024 #fyp #fypp #kknuinsa #foryoupage #sumberkatimoho #probolinggo ,1719987849
Replying to @bukan siapa siapa tengok sampai habis!! #abgkopi #thesumkopi #adasapa2nakkopi #kopi #malaysia #fyp #fypã‚·ã‚šviral #kl #trend #coffeelover #jj #CapCut #foodie #business #peniagajalanan #tiktok #viraltiktok ,1729566008
Episode Spongebob favorit Bintang,1731040669
InsyaAllah korang mana yang nak support. Masuk live saya sekarang ğŸ˜ğŸ¤©ğŸ¥³ #abgred #datored #abgtesla #fyp #fyppppppppppppppppppppppp ,1711960156
THINGS SOCAL ABGS SAYğŸ˜‚ğŸ¥º #fyp #xyzbca #asian #abg #vietnamese #funny #comedysketch #skit #asianbabygirl #viral #featureme,1582157011
looks sooo good ğŸ¤© #abg #asianbabygirl #makeup #korean #douyinæŠ–éŸ³ #douyin #makeuptutorial #fyp #ì¶”ì²œ ,1723797080
,1733618147
,1733618184
fav era #abg #asianbabygirl #makeup #fyp #ì¶”ì²œ  ,1723809313
NÃ³i má»™t cÃ¡ch ngáº¯n gá»n Abgs lÃ  bad btches chÃ¢u Ã¡ Ä‘Ã³ #learnontiktok #abg #asianbabygirl ,1678721914
The quality ğŸ˜µ #abg #asianbabygirl #abgmakeup #makeuptutorial #fyp #foryou ,1688477474
ABG like boba milk tea. I am just BG ğŸ˜˜ğŸ’“ğŸ˜‚ #asian #fyp #foryou #foryourpage,1598954765
,1733619536
"Ñ‚Ğ³Ğº: ÑĞ¹Ğ¶Ğ½Ğ±ÑĞ¹Ğ±Ğ¸, ig: asianbabygrll ğŸ’– #fypã‚· #ĞºĞ¾ÑĞ¼ĞµÑ‚Ğ¸ĞºĞ° #wildberries ",1724614430
ABG ANTHEM #abg #asianbabygirl #abganthem #partygirl #kevinnguyen #bobaaddict #asiangirlanthem #original,1591919085
Sleepy babyğŸ˜‚#cutebaby#babygirl#babytok#koreanbaby#asianbaby#babyfever#7monthsold#tired,1694904877
He knew what he was doing saying â€œall my abgs get cute for meâ€ #abg #asianbabygirl ,1696117628
#fyp #foryoupage #foryou #abg #asianbabygirl #japanese #xyzbca #asian #blowthisup,1625915961
Abg baybeh!! #abg #asianbabygirl #abgaesthetic #outfitideas #outfitinspo #outfitinspiration #fitcheck #fyp #budolfinds #budgetfashion ,1677982701
@CCliate Part 2 | Asian Baby Girl (ABG) AestheticsğŸ–¤ğŸ•¶ #fyp #foryou #foryoupage #ccliate #abg #asianbaby #clothes #aesthetic #asianbabygirl #juliabaretto ,1694262382
"I honestly didnâ€™t expect her to clean when we are outside ğŸ˜…I guess It is more like a fun activity for herğŸ˜†ğŸ§¹ğŸ§¼ğŸ«§ Did you know?  Toddlers and young children love to be helpful, and while you may think they are too young to do chores, the opposite is true. Research suggests there are benefits to including chores in a childâ€™s routine as early as age 3. Children who do chores may exhibit higher self-esteem, be more responsible, and be better equipped to deal with frustration, adversity, and delayed gratification. More details at: https://www.aacap.org/AACAP/Families_and_Youth/Facts_for_Families/FFF-Guide/Chores_and_Children-125 #montessoriathome #montessoritoddler #toddleractivities #montessoriactivity #toddlerlife #cutebabygirl #asianbabygirl #aussiemums #aussiemumblogger #perthmums",1692946124
Douyin nhÃ¬u rÃ¹i nay qua Asian baby girl nhÃ©#makeup #makeuptutorial #abg #asianbabygirl ,1672416770
A moment that will never be forgottenğŸ¤ #babygirl #unforgettablemoment #heartfelt #newborn #asianbabygirl #newmom #girlmom ,1730644072
Still got it ğŸ˜˜#WhatIdWear #asiangirl #abg #asianbabygirl #nintendo #gamergirl #egirl #beauty #makeup #transition #makeuptransformation #fyp #xyzbca,1592342241
#newborn #baby #babygirl #asianbaby #love #lenesia ,1717009930
my computer broke I am so sad ğŸ˜¥ğŸ˜° #JustDanceMoves #stunnin #dance #foryoupage #asian #abg #asianbabygirl #asiangirl #tiktokgirls #fyp #dinoday,1590087747
"This was such a beautiful, full circle moment for me. My great grandma taught my grandma, my grandma taught my mom, my mom taught me, and now Iâ€™m teaching Celine ğŸ¥¹  Every single Thanksgiving, my mom and I would sit at the kitchen table & bond while rolling these eggrolls. The holidays havent been the same since! MISS YOU MUM ğŸ•Šï¸",1733587282
ABG transformation i guess ğŸ™ˆ blow this up pls ğŸ¥º #fyp #fypã‚· #asianbabygirlmakeup #transformation #makeup,1629087486
#19monthsold #asianbabygirl #toddlertiktok #eatingfruit,1599575593
Weekly outfits #babygirl #4monthbaby #asianbabygirl #thaibabygirl #mixedbaby #girlmom,1642187229
ğŸ¥ºğŸ¥º #babygirl #asianbaby #babiesoftiktok #babiestiktok #babyfever #babytok #momtok #fypã‚· #foryou #GetYourJeansOn #10monthold #cutebaby #modelbaby,1627956308
"Light was constantly changing, which is why the edit didnâ€™t turn out so wellğŸ¥² #dadip #wearingvsstyling #trend #dance #fashiontok #faahioninspo #ootd #outfitinspo #outfitidea #styling #foryou #viral #fyp #asian #abg #asiangirl ",1727706347
#asiangirl #baby,1731201968
bÃ i há»™c thá»© 3 nhaaaa cÃ¡c emmmm #abg #fact #asianbabygangster #asianbabygirl #tips #vibe ,1723119779
as a mafia baby boss . #mafiababy #sunglass #asianbaby #shortvid #fyp ,1697984734
Naging bata xiaolen soccer ka na HAHA! First Haircut! Gangster! Ahahaahah! #chinesebabyğŸ‡µğŸ‡­ğŸ‡¨ğŸ‡³ #cutebaby #xuhong #fyp #foryoupage #foryou #akilicious #akiyumi #chinesemom #akicasas #handsomeboy #chinoy ,1709106391
ğŸ¥°ğŸ¤—HAPPY SUNDAY TO ALL MY AWESOME FRIENDS & BE HAPPY ALWAYS WITH YOUR LOVE ONE'S ğŸ¤—ğŸ¥° #queenbollywoodğŸ‡¸ğŸ‡¬ #leo #fredajeffğŸ‡¸ğŸ‡¬ #abgfred #mystylemyway #steadyla #family #sister #memories #beyourself #â¤ï¸ #Love #viral #dance  #bollywood #Bekind #loveyouforever ,1733637484
Happy bgtt karena suprise nya berhasill dan ternyata aku kena suprise jugağŸ˜ğŸ˜˜ Makasihh ayankkkğŸ˜˜ğŸ«¶ğŸ»  #fyp #imasfahriaty #âš ï¸FAKESITUATIONâš ï¸ #viral #pasutri #masyaallahtabarakkallah ,1733642072
Membalas @Dausy` JOIN LIVE SEKARANG JUGA!,1733645872
Sab bg chan ğŸ¤£#puntumaya @Chirag Rai81 @SULIM0N ,1733640447
From Blonde Party Girl To Black Beauty: The Evolution Of ABGs ğŸ’ğŸ¼â€â™€ï¸â¡ï¸ğŸ’ğŸ»â€â™€ï¸ #fyp #fypã‚· #foryou #talkricetome #podcast #asian #asiangirl #abg #hair #hairstyle ,1712159800
"Light was constantly changing, which is why the edit didnâ€™t turn out so wellğŸ¥² #dadip #wearingvsstyling #trend #dance #fashiontok #faahioninspo #ootd #outfitinspo #outfitidea #styling #foryou #viral #fyp #asian #abg #asiangirl ",1727706347
i â¤ï¸ abgs #asian #abg #boba ,1723403075
Wearing skirts during winter is possible!! ğŸ’â„ï¸ğŸ€ #fashiontok #fashioninspo #ootd #outfitidea #wintervssummer #skirts #viral #foryou #fyp #asian #asiangirl #abg #styling ,1733593991
I WANT TO BE HER  #fyp #fypã‚·ã‚šviral #abg #asiangirl #dream #jealous #trending ,1726018848
i â¤ï¸ abgs #asian #abg #boba ,1723571824
You dont act like it #motivational #sigmaedit #mindset #inspiration #quotes #reels #viral #sigma #motivation #successmindset #foryou #motivational #motivemovement #motivationalvideo #inspiration #fyp #baddie #nikepro #fornite #girls #abg #asiabbaddie #whitegirl #latina #bakini #anahinikepro #anahi #funny #realworld #gyatt #nike #god #anshiboyfriend #anshibad #anshigyat #anshibikepro #anshibaddie #anshilatina #anshinikeprovideo #sophierainspiderman #sophierainspidermanvideo #sophieraingyat #sophierainnikepro #sophierainnikeornike #sophierainnike ,1717119882
POV YOUR TALKING STAGE THINKS YOU'RE AN ABG #abg #seaside #dating #talkingstage #situationship #funny #asian #keshi ,1726628432
PSA ABG did not originally mean asian baby girl (the way its used today) only making this cuz i seen so much southeast asian hate being done by east asians on this app recently #lao #asianbabygangsta ,1718769724
#trappdabanda #wizf #liljanne #toytoytrex ,1733646029
Trying ABG makeup ğŸ˜âœ¨ I love it! #greenscreen #abgmakeup #asianbabygirl #abg #makeup #makeuplook #makeuptutorial ,1718150090
ABG itu apa?? #CapCut ,1716436548
Joao felix to chelsea ğŸ¥³ #fyp #foryou #joaofelix #chelsea #chelseafc #fabrizioromano #premierleague #felix #athleticomadrid #footballtiktok #football #transfernews ,1723415418
"Kasakasama niyo, umulan, umaraw man o mag snow patuloy ang gulong at sulong dito sa Food Truck ni Arci ğŸ‘©ğŸ»â€ğŸ³ğŸ‡µğŸ‡­ | Disclaimer: No copyright infringement intended, music belong to the rightful owners. Background music: Kanlungan by Noel Cabangon (Sean OquendoCover) â™¥ï¸  #pinoyabroad #foodtrucklife #filipino #pinoy #OFW ğŸ‡µğŸ‡­ğŸ‡§ğŸ‡ª",1733645817
kece bg #greeseljkt48 #greesellaadhalia #jkt48 #cyaa00 #seventhsensei ,1733639283
#peelingsolution #g2gpeelingsolution ,1732266072
,1675360452
"Merata abg ni tanya boleh buang ke tak . Terkejut bila tanya Dr Walid , Dr Walid cakap boleh buang . MashaAllah ibarat satu sinar harapan sebab boleh buang . #poliklinikwalid #fypã‚· #lipoma ",1689565709
I kinda ate ngl #makeup #grwm #abgmakeup #abg ,1703640804
ABG ANTHEM #abg #asianbabygirl #abganthem #partygirl #kevinnguyen #bobaaddict #asiangirlanthem #original,1591919085
#xuhuong #asianbabygirl ,1733594860
My squishy ğŸ™‚ #babiesoftiktok #asianbabiesarecute #squishybabycheeks #babygirl #babytok #muamuababy,1644541144
They say itâ€™s a rite of passageâ€¦ #thanksgrandma #bowlcut #asian #baby #asianbabygirl,1731643527
Can u have baby fever when u already have a baby? ğŸ¤­  #babygirl #hapa #asianbabies #babyfever #namichan #hinami #fyp #babysmiles #happybaby #newbornbaby ,1692654197
Im just acting ğŸ¤§ #fyp #foryou #funny #pretty #asian #black #babygirl ,1733631149
I blinked ans shes a year old #Lyanna #babygirl #asianbaby  #korean #wasian #ChaCha #mothersday @C.Brindel ,1733388562
Seeing herself in the mirror ğŸ˜‚ğŸ¥° #baby #asian #mirror #cute #ahmongbaby #littlethings #babyfever #babygirl #asianbaby #uwu,1733309653
Which will she pick? Boogie wipes? Or her toy? ğŸ˜‚ #babiesoftiktok #fyp #girlmom #funny #baby #asian #cute #ahmongbaby #babyfever #babygirl #babytok ,1733419642
Pretty Baby  #BabyGirl #asiancutie  #fypã‚·ã‚šviralğŸ–¤tiktok  #Kawaii  #Asian  #highlights  #fypviral ,1733595066
Baby doll ğŸ¤ #cutestbaby  #foryoupage #youngmomsoftiktok #fyp #asianbaby  #filipinomoms #filipinobaby #babiesoftiktok  #QuickerPickerRapper #babygirl,1615302527
Nak coba berkerudung â¤ï¸ MasyaAllah Tabarakallahâ¤ï¸ #babyrauna #raunasalim #rauna #babyprincessrauna #bayilucu #bayigemes #funnybaby #peekaboo #smartbaby #babygirl #asianbaby #masyaallahtabarakkallah #bayicantik #fyp #foryoupage #foryourpage #modelbayicantik #modelbayi #babymuslim #melayu ,1733629818
hello!  #babygirls #chinesebaby #asianbaby #wasian #cutebabygirl #asiangirlstiktok,1639092752
filmed her before bed thinking â€œoh how cute sheâ€™s bouncing up and downâ€ BRUH ğŸ’€ #babytok #babiesoftiktok #scarytiktoks #momtok #momlife #milennialsoftiktok #truephilippineghoststories #iykyk #babygirl #cutebaby #asianbaby #filipinorelatable ,1716629245
This girl is so chillğŸ« ğŸ¤¤ #foryou #foryoupage #chillbaby #babygirl #foodcoma #cute #babytiktok #asianbaby #cutevideo #funnyvideo ,1696575295
Hazel's journey #Sydney #asianbaby #vietnamese #cutebaby #lovelybaby #embedangyeu #babyworld #babysmile ##baby #newbornbaby #babygirl #babyshark #embedethuong #embegau,1661431124
ABG ANTHEM #abg #asianbabygirl #abganthem #partygirl #kevinnguyen #bobaaddict #asiangirlanthem #original,1591919085
ABG ANTHEM #abg #asianbabygirl #abganthem #partygirl #kevinnguyen #bobaaddict #asiangirlanthem #original,1591919085
ABG ANTHEM #abg #asianbabygirl #abganthem #partygirl #kevinnguyen #bobaaddict #asiangirlanthem #original,1591919085
Baby Gangsta #newborn #fyp #fypã‚· #middlefingerup #viral #cutebaby #cute #fypã‚·ã‚šviral #foryoupage #vutebabyğŸ˜ğŸ˜ğŸ¤˜ğŸ¤˜ğŸ‘ŒğŸ‘Œ #child #gangster ,1704555511
my little gangster ğŸ¤ŸğŸ» #toddlerootd #babyboyoutfit #shopeefinds #fyp ,1664437803
G A N G BABY #asian #fila #ğŸ‡µğŸ‡­ #fyp #foryou #fypãƒ„ #fyppppppppppppppppppppppp #moots #moots? #trend #teamwork #music #tiktok #relatable #unlockmylikes #unflopme #viral #makeup #douyin #ullzang  #StopMotion ,1733024552
choose your favorite Asean Gangster #asean #gangster #cuteboy #southeastasian #aivideo ,1731136597
choose your favorite Asean Gangster #asean #cuteboy #gangster #southeastasia #aivideo ,1729249961
sooo cuteğŸ˜­ğŸ¥¹ğŸ¤ğŸ» #nahaeun #haeun #sistar #touchmybody #kpop #kpopstar ,1725693939
#fyppppppppppppppppppppppp #foryoupageâ¤ï¸â¤ï¸ #foryou #china #tiktok #asiangirl #fypã‚· #viral #foryoupage #chinese #fyp ,1726830161
lewsnn #prettyface #asianchick #cutenessoverload ğŸ©¶,1696653291
#abgmakeup #tutorial Makeup products: Primer: pore ranger emina Concealer: pixy 02 sand beige Alis: implora dark brown 007 Contour: mineral botanica Powder: Y.O.U noutriwear airy fit N507 Blush: tarte eyeshadow pallete Eyelash: https://id.shp.ee/Pt4MD3h yang 3D02 Lip liner: https://id.shp.ee/xNN7zaQ shade coconut Liptint: barenbliss shade 01,1718964354
#onthatday #nocaption #takpentinglagi ,1733643071
From Blonde Party Girl To Black Beauty: The Evolution Of ABGs ğŸ’ğŸ¼â€â™€ï¸â¡ï¸ğŸ’ğŸ»â€â™€ï¸ #fyp #fypã‚· #foryou #talkricetome #podcast #asian #asiangirl #abg #hair #hairstyle ,1712159800
"Light was constantly changing, which is why the edit didnâ€™t turn out so wellğŸ¥² #dadip #wearingvsstyling #trend #dance #fashiontok #faahioninspo #ootd #outfitinspo #outfitidea #styling #foryou #viral #fyp #asian #abg #asiangirl ",1727706347
i â¤ï¸ abgs #asian #abg #boba ,1723403075
i â¤ï¸ abgs #asian #abg #boba ,1723571824
PSA ABG did not originally mean asian baby girl (the way its used today) only making this cuz i seen so much southeast asian hate being done by east asians on this app recently #lao #asianbabygangsta ,1718769724
how to be an green flag to an abg #dating #asian ,1727293986
Abg kena pulang selalu #kucing #kucingtiktok #foryou ,1709571483
tq syg2 saudaraku semua.    #abgred #coffeabgred #bangkitsemula #himcoffee ,1715344304
#LIVEhighlights #TikTokLIVE #LIVE  Terima kasih semua yg sentiasa support live abg dan mendoakan abg..ğŸ¥°ğŸ¥°ğŸ¥°,1733631716
Ehh ya apun mau gk dek#fyp ,1733631309
Nangisin doi nikahâ nangisin abg sendiriâœ… karna ga relağŸ’” #fyp #wedding #pestabatak #batak #fypã‚· ,1723037037
Tepi sikit abg yb nak lalu! ğŸ˜… #ybtiktok ,1733636496
ÄÃ£ cÃ³ ai tá»›i xem cÄƒn nÃ y chÆ°a ? #fiatouptown #abgtina #kentrellbarkley ,1723466831
Abg Anas ğŸ¦ @ANASÂ® #fyp ,1720754950
MAHKAMAH N PENJARA MUAR #Abgbus #pembelaan,1726387092
Serious lah uncle boleh mukbang king crab sorang..! #abglobster #nasilemaklobster ,1731935618
"Selamat menyambut Hari Kemerdekaan yang ke-67. Semoga negara kita terus ke arah kemakmuran, kemajuan dan kejayaan. Yang penting, jangan lupa buat epoxy tau ğŸ¤£ #epoxybangi #waterproofing #decorumah #toiletdecor #epoxylantai #epoxyrefinishcoat ",1725006619
Terima kasih warga indonesia yang sentiasa memenuhi restoran saya #abglobster #nasilemaklobsterjb ,1724132689
So sweet la @aslam ni.. ğŸ¥² #abgtesla #aslam #umisya ,1714996871
Cara Makan Alaska kibg Crab yang sebenar  #abglobster #nasilemaklobster ,1731843316
Semoga Allah permudahkan urusan kita semua. Semoga awk dapat buat umrah dengan tenang. Dan semoga kita semua dapat kebahagian dunia dan akhirat. Amin!! #abgtesla @Nurmajdina Jamari ,1713776590
#fypã‚·ã‚š #fyp #temajesus1 ,1733645030
From Blonde Party Girl To Black Beauty: The Evolution Of ABGs ğŸ’ğŸ¼â€â™€ï¸â¡ï¸ğŸ’ğŸ»â€â™€ï¸ #fyp #fypã‚· #foryou #talkricetome #podcast #asian #asiangirl #abg #hair #hairstyle ,1712159800
"Light was constantly changing, which is why the edit didnâ€™t turn out so wellğŸ¥² #dadip #wearingvsstyling #trend #dance #fashiontok #faahioninspo #ootd #outfitinspo #outfitidea #styling #foryou #viral #fyp #asian #abg #asiangirl ",1727706347
i â¤ï¸ abgs #asian #abg #boba ,1723403075
i â¤ï¸ abgs #asian #abg #boba ,1723571824
PSA ABG did not originally mean asian baby girl (the way its used today) only making this cuz i seen so much southeast asian hate being done by east asians on this app recently #lao #asianbabygangsta ,1718769724
From Blonde Party Girl To Black Beauty: The Evolution Of ABGs ğŸ’ğŸ¼â€â™€ï¸â¡ï¸ğŸ’ğŸ»â€â™€ï¸ #fyp #fypã‚· #foryou #talkricetome #podcast #asian #asiangirl #abg #hair #hairstyle ,1712159800
"Light was constantly changing, which is why the edit didnâ€™t turn out so wellğŸ¥² #dadip #wearingvsstyling #trend #dance #fashiontok #faahioninspo #ootd #outfitinspo #outfitidea #styling #foryou #viral #fyp #asian #abg #asiangirl ",1727706347
i â¤ï¸ abgs #asian #abg #boba ,1723403075
i â¤ï¸ abgs #asian #abg #boba ,1723571824
PSA ABG did not originally mean asian baby girl (the way its used today) only making this cuz i seen so much southeast asian hate being done by east asians on this app recently #lao #asianbabygangsta ,1718769724
Davido has done it again it's 30BG all the wayğŸ«¡ #trendingvideo #viral_ video #fyp #foryoupage #vdmat #naijatiktok #egungun #pastorbolajiidow #davido @davido @ChiKÃ©  @VERYDARKMAN @JÃGGÅ¸ğŸŒ´ğŸª @NAIJABOY @DUKABODYğŸ¤ â˜»ï¸ @N chiroma ,1733635511
From Blonde Party Girl To Black Beauty: The Evolution Of ABGs ğŸ’ğŸ¼â€â™€ï¸â¡ï¸ğŸ’ğŸ»â€â™€ï¸ #fyp #fypã‚· #foryou #talkricetome #podcast #asian #asiangirl #abg #hair #hairstyle ,1712159800
"Light was constantly changing, which is why the edit didnâ€™t turn out so wellğŸ¥² #dadip #wearingvsstyling #trend #dance #fashiontok #faahioninspo #ootd #outfitinspo #outfitidea #styling #foryou #viral #fyp #asian #abg #asiangirl ",1727706347
i â¤ï¸ abgs #asian #abg #boba ,1723403075
i â¤ï¸ abgs #asian #abg #boba ,1723571824
PSA ABG did not originally mean asian baby girl (the way its used today) only making this cuz i seen so much southeast asian hate being done by east asians on this app recently #lao #asianbabygangsta ,1718769724
From Blonde Party Girl To Black Beauty: The Evolution Of ABGs ğŸ’ğŸ¼â€â™€ï¸â¡ï¸ğŸ’ğŸ»â€â™€ï¸ #fyp #fypã‚· #foryou #talkricetome #podcast #asian #asiangirl #abg #hair #hairstyle ,1712159800
"Light was constantly changing, which is why the edit didnâ€™t turn out so wellğŸ¥² #dadip #wearingvsstyling #trend #dance #fashiontok #faahioninspo #ootd #outfitinspo #outfitidea #styling #foryou #viral #fyp #asian #abg #asiangirl ",1727706347
i â¤ï¸ abgs #asian #abg #boba ,1723403075
i â¤ï¸ abgs #asian #abg #boba ,1723571824
PSA ABG did not originally mean asian baby girl (the way its used today) only making this cuz i seen so much southeast asian hate being done by east asians on this app recently #lao #asianbabygangsta ,1718769724
#cute #cutebaby #babygirl #baby #2monthsold #koreanbaby #babytiktok #cutevideo #funny #girl #2month #koreanbabygirl #korean #funnyvideos #asiangirl,1617143591
#abouttobe10months #babygirl #mixed #asian #love #daughter  #,1733639938
#babygirl #eating #icecube #yummy #feelsogood #lol #funny #funnyvideo #cutebaby #fyp #foryoupage #asianbaby #koreanbaby #25monthsold #foryou ,1678125624
someones gotta do it ğŸ¤·ğŸ»â€â™€ï¸ğŸ¼ #korean #koreanbaby #blueeyes #blueeyedgirl #huxbaby #handm #babygirl #8months #8monthsold #babyfever #littlecutie #baby #babytiktok #asian #asianbaby #babystyle #happybaby #cutebaby #blueeyedbabe #cute,1656056314
my cousins baby â¤ï¸â¤ï¸â¤ï¸â¤ï¸â¤ï¸ #fyp #fy #fypage #fypã‚·ã‚šviral #fyppppppppppppppppppppppp #fypp #fypdong #foryou #foryoupage #viral #viralvideo #viet #asian #asiangirl #makeup #relatable #trending #relate #baby #babygirl #cutebaby ,1731787238
#cutebaby #baby #babygirl #asianbaby #cuteasianbaby #vietnamesebaby #islanderbaby #chamorrobaby #fyp #blowingkisses,1588704195
"She said ""Mama"" for the first time today! #learningtotalk #asianbaby #fy #chonky #chubbycheeks #korean #babygirl #one #kiki #cute #babiesoftiktok #baby #babytok",1658894750
#toddler #ABC #fypã‚·ã‚šviral #babygirl #tiktokbaby #AthenangMaliit #reels #fypã‚· #babyfever #asianbaby #reels__tiktok ,1716601530
MasyaAllah. Rotinya dipegang mulu ğŸ˜‚ğŸ˜‚ #bayilucu #fypã‚·ã‚šviral  #bayi #bayitiktok #bayigemes #bayiviral #zoya #busui #bumil #baby #funnybaby #babygirl #newborn #cutebaby #asianbaby #babytiktok ,1731863473
My strawberry bear baby!! ğŸ“ğŸ§¸ #cutebaby #babygirl #fypã‚·ã‚šviral #6monthsold #babysmile #babylaugh #asianbaby ,1731517280
Gorgeous #babytiktok #cutebabies #asianbaby #adorablebaby #cutenesoverload #tiktokoftheday #babygirl #gorgeous #prettyface #aussiebaby #daddyslittlegirl #babies ,1720852415
Annaya Sheena #christmasoutfit #babygirl #sepatuanak ğŸ’•ğŸ‘§ğŸ»ğŸ„,1733554096
#makeup #abgmakeup #asianbabygirl #tutorial #fypã‚· #makeuptranformation #indonesia,1651841619
Itâ€™s your Asian Baby Girl...missing her long hairğŸ˜³ #abg #asiangirl #babygirl #filipina #dyedhair #desigirl #pakipinayâ£ï¸ğŸ‡µğŸ‡­â£ï¸ğŸ‡µğŸ‡°,1646002691
à¸«à¸§à¸²à¸™à¹€à¸ˆà¸µà¹Šà¸¢à¸š           #fyp #fypã‚· #asiangirl #thaigirl #babybrown #asianbabygirl #hotmodel #tanskin #tinygirl #asiangirls #musically #viral #viralvideo ,1679997662
couldnâ€™t resist this tik tok #fyp #foryoupage #asian #asiangirl #viet #vietnamese #vietgirl #vietnamesegirl #blondeasian #abg #asianbabygirl #glowup,1585528003
I miss boba ğŸ¥º #EatEmUp #InTheHouseparty #foryoupage #asianbabygirl #comedy #boba #bobatea #asian #asianmakeup #abg #lashes #lipsync  #tiktokgirl,1589675371
What i do instead of hw ğŸ˜… #abg #fyp #viral #what #blowthisup #makeup #asian ,1733276522
#abg #abgmakeup ,1728747048
The city calling us #abg #07 #06 #fyp ,1733452402
Gangsta Baby! #gangstasparadise #gangsta #baby #tattoos #effectsbykornbred #gangster #coolioganstasparadise #babytok #babyboy #babylove #forfun #gang #streets #streetstyle #babygangstachallenge #letsgo ,1717170793
who's is the coolest asean gangster #asean #gangster #ai #southeastasia #teenager ,1732360364
#dancechalenge #dancechallange #challengedance #youngdance #youngdancer #fypã‚· #foryou #lildance #lildancer #childdancer #childdance #childrendancer #childrenchallenge #childrendancing #youngchallenge #hiphopdancer #streetdancer #chinesedancer #dancerchinese #chinadancers #icecube #osheajackson #icecuberapper #gangstarap #westsiiide #wc #wcrapper #dubc #mack10 #westsideconnectgang #westsideconection #westsideconnection #dancesong #dancesongchallenge #theupinsmoke #theupinsmoketour #younggangsta #youngster #youngsta #upinsmoke #upinsmoketour #upinsmoketour2001 #westcoastrap #90sgangstarap #90sgangstashit #keepitgangstayall #keepitgangster #keepitgangsta ,1705687656
#parati #fyp #viralvideo #bebyganster ğŸ˜ğŸ’™.,1702869449
#chinese #yogapose #beauty #teacher #instructor #asian #meditation #fypviralã‚· #gymtok #healthyliving #culture #chinagirl ,1733240955
#à¹à¸”à¸‡ #à¹à¸¡à¹ˆà¸‚à¸­à¸‡à¸‰à¸±à¸™à¸„à¸·à¸­à¸«à¸±à¸§à¹ƒà¸ˆà¸—à¸µà¹ˆà¸—à¸³à¹ƒà¸«à¹‰à¸‰à¸±à¸™à¸¡à¸µà¸Šà¸µà¸§à¸´à¸•à¸­à¸¢à¸¹à¹ˆ #thailandğŸ‡¹ğŸ‡­ #thailandgirlğŸ‡¹ğŸ‡­ #fyp #red #asianbabygirl #vlog #aquariumlotteworld ,1719245543
#petitegirl #asiangirl #cutegirl ,1707660329
#foryoupage #fyp #newtrend #fypppppppppppppppppppppp #asianbabygirl ,1733457192
Asian baby girl âœ¨#chinita #chinesegirl #tiktok ,1732566652
From Blonde Party Girl To Black Beauty: The Evolution Of ABGs ğŸ’ğŸ¼â€â™€ï¸â¡ï¸ğŸ’ğŸ»â€â™€ï¸ #fyp #fypã‚· #foryou #talkricetome #podcast #asian #asiangirl #abg #hair #hairstyle ,1712159800
"Light was constantly changing, which is why the edit didnâ€™t turn out so wellğŸ¥² #dadip #wearingvsstyling #trend #dance #fashiontok #faahioninspo #ootd #outfitinspo #outfitidea #styling #foryou #viral #fyp #asian #abg #asiangirl ",1727706347
i â¤ï¸ abgs #asian #abg #boba ,1723403075
i â¤ï¸ abgs #asian #abg #boba ,1723571824
PSA ABG did not originally mean asian baby girl (the way its used today) only making this cuz i seen so much southeast asian hate being done by east asians on this app recently #lao #asianbabygangsta ,1718769724
From Blonde Party Girl To Black Beauty: The Evolution Of ABGs ğŸ’ğŸ¼â€â™€ï¸â¡ï¸ğŸ’ğŸ»â€â™€ï¸ #fyp #fypã‚· #foryou #talkricetome #podcast #asian #asiangirl #abg #hair #hairstyle ,1712159800
"Light was constantly changing, which is why the edit didnâ€™t turn out so wellğŸ¥² #dadip #wearingvsstyling #trend #dance #fashiontok #faahioninspo #ootd #outfitinspo #outfitidea #styling #foryou #viral #fyp #asian #abg #asiangirl ",1727706347
i â¤ï¸ abgs #asian #abg #boba ,1723403075
i â¤ï¸ abgs #asian #abg #boba ,1723571824
PSA ABG did not originally mean asian baby girl (the way its used today) only making this cuz i seen so much southeast asian hate being done by east asians on this app recently #lao #asianbabygangsta ,1718769724
Assalamualaikum pelanggan.. ğŸ™ğŸ»,1733646279
"seperfect apasih anda bg? zaman udh modern abangkuuu,lari buat kesehatan bukan pameranğŸ¤™ #fyp #beranda #run #bhayangkararun2024 #viral #xbcyza #binsik #pelarikonten #olahraga #bukanmaen #pesona #runner ",1721231655
rm400 tak cukup JB to KL.... #huuhaaii  #abgtruck  #TEMBUAKAR  #gegarsemangat ,1718930629
Orang melaka tak relax.. Borong alaska king crab lobster .. #abglobster #nasilemaklobster ,1730853547
Bila roadtang mengidam Alaska king crab..! @à¸£à¸–à¸–à¸±à¸‡ à¸ˆà¸´à¸•à¸£à¹€à¸¡à¸·à¸­à¸‡à¸™à¸™à¸—à¹Œ  #abglobster #nasilemaklobster ,1732072482
banyk salah ga ngaruhğŸ˜­#ABGTUA #foryoupage #fy #cover #fyppppppppppppppppppppppp ,1728053675
Nasi lemak lobster jb menjadi pilihan port makan artist malaysia #abglobster #nasilemaklobsterjb ,1723818721
Ramai betul artist port makan kat sini.. #abglobster #nasilemaklobsterjb ,1720452302
From Blonde Party Girl To Black Beauty: The Evolution Of ABGs ğŸ’ğŸ¼â€â™€ï¸â¡ï¸ğŸ’ğŸ»â€â™€ï¸ #fyp #fypã‚· #foryou #talkricetome #podcast #asian #asiangirl #abg #hair #hairstyle ,1712159800
"Light was constantly changing, which is why the edit didnâ€™t turn out so wellğŸ¥² #dadip #wearingvsstyling #trend #dance #fashiontok #faahioninspo #ootd #outfitinspo #outfitidea #styling #foryou #viral #fyp #asian #abg #asiangirl ",1727706347
i â¤ï¸ abgs #asian #abg #boba ,1723403075
i â¤ï¸ abgs #asian #abg #boba ,1723571824
PSA ABG did not originally mean asian baby girl (the way its used today) only making this cuz i seen so much southeast asian hate being done by east asians on this app recently #lao #asianbabygangsta ,1718769724
From Blonde Party Girl To Black Beauty: The Evolution Of ABGs ğŸ’ğŸ¼â€â™€ï¸â¡ï¸ğŸ’ğŸ»â€â™€ï¸ #fyp #fypã‚· #foryou #talkricetome #podcast #asian #asiangirl #abg #hair #hairstyle ,1712159800
"Light was constantly changing, which is why the edit didnâ€™t turn out so wellğŸ¥² #dadip #wearingvsstyling #trend #dance #fashiontok #faahioninspo #ootd #outfitinspo #outfitidea #styling #foryou #viral #fyp #asian #abg #asiangirl ",1727706347
i â¤ï¸ abgs #asian #abg #boba ,1723403075
i â¤ï¸ abgs #asian #abg #boba ,1723571824
PSA ABG did not originally mean asian baby girl (the way its used today) only making this cuz i seen so much southeast asian hate being done by east asians on this app recently #lao #asianbabygangsta ,1718769724
#abg #abgmakeup ,1728747048
#draft #asian #cute #ğŸ˜ #abg #viet #velocity ,1720344111
#hair whys my hair eating #ciral #thisbetternotflop #aidancingcat #socal #abg,1732094051
Hmm i kinda like this ğŸ˜­ #abg #makeup ,1699564461
deuces âœŒğŸ»âœŒğŸ» #makeuptutorial #asian #mestiza #chinita #morena #abg #xyzbca ,1725428415
something diff from my normal look ! clio nude palletes for the win ğŸ™ use code MIYUKI6186 on your next yesstyle order for a discount ğŸ’—,1711404954
Baby shower/valaikaapu #babyshower#valaikappu#sareelove#banglesceremony#southasian#tamil#seemantham#manjal#cultures#tamilculture#bluesaree#babygirl#tamilsongs#fyp#foryourpage#,1733428756
#5months and cuter by the day! Also.. why do i continue to buy baby toys when tissue paper is so much more enjoyable ğŸ¤¦ğŸ»â€â™€ï¸ #fedbaby #babiesoftiktok #baby #babygirl #mixedbaby #asianbaby #babytok #cutebaby #cutebabycheck #momsoftiktok #momtok #roadto1k #breastfeeding #breastfedbaby #momsover30 #secondbaby #lastbaby #teamwork #fyp ,1730515395
@papabaochii ist the one & only âœ¨Asian Babygirlâœ¨ #abg ig:baochiinguyen ,1673709859
i never wanted to cost doubt in your mind #asian #blonde #korean #babygirl #babyface #skinny #blondebrows ,1686450445
Cousin love ğŸ’• #cambodia #mexico #fypage #babygirl #lovestory #viral #paratii #fypp #foryou #viralvideos #trending #asian ,1721448589
Everything so funnyğŸ˜‚ #babyfever #whiteasianbaby #babygirlerac,1639448819
,1724129821
sorry I didnâ€™t wash my face #abg #abgs #abgtiktok #asiangirl #asiancheck #asianbabygirl #ombre #fypã‚·,1589247431
tried abg inspired makeup look lol #makeupph #abg #asianbabygirl #abgmakeuplook ,1712667194
My little snowflake  ğŸ™‚â€â†”ï¸ ğŸ’—#newborn #asianamerican #filam #babygirl #sweetest #christmas ,1733156801
Does she look the exact same or different? Happy third birthday to our little sunshine girl! The world would be dull without your sparkle ğŸ©·#birthdaygirl #3yearsolds #3yearold #toddlerlife #momsover30 #girlmom #girldad #mixedbaby #asianbaby #vietgirl #fyp #celebrations #mygirl #babygirl,1721859689
Dancing Jump up high dipegangin sama Om nya baby Rauna ğŸ’•ğŸ«° #babyrauna #raunasalim #rauna #babyprincessrauna #bayilucu #bayigemes #funnybaby #peekaboo #smartbaby #babygirl #asianbaby #masyaallahtabarakkallah #bayicantik #fyp #foryoupage #foryourpage #babyactivities #modelbayi #modelbayicantik #babydancing #jumpup #pikatchu ,1733137634
your sign to do theseğŸ™ğŸ˜ #foryou #fyp #wlw #girlsgirl ,1719426677
who dat inna back !?! ğŸ¥° || #straykids #skz #stay #hanjisung #enhypen #enha #sunoo #engene #p1h #p1harmony #soul #seonghwa #ateez #ating #bg #boygroup #kpopstan #kpop #flwrs4dahyun #xzyabc #fyp #goviral ,1729099455
GÃ¡i rÆ°á»£u cá»§a máº¹ #baby #babiesoftiktok #tiktok #yeu #asiangirl #cutebaby #cute ,1712108986
#asianbaby #babycrying #babygirl #baby,1634664381
Japanese beautyğŸŒ¸ #asian #japanesegirl #japanese #dancer #dancingqueen ,1732205637
MOM and Daughter â¤ï¸â¤ï¸â¤ï¸ğŸ¥°ğŸ¥°ğŸ¥°ğŸ¥°#fypã‚· #douyin #douyinæŠ–éŸ³ #douyin_china #spekmanwha #chinesegirl #asiangirl ,1698320137
Gangster baby ğŸ¤£ #fyp #fyp #fypã‚·ã‚š #foryou #son ##babytok##gangsterbaby,1726239950
baby gangster â™»ï¸ #baby #gangster #meme #efeito #toop #chama ,1720810399
I didnâ€™t even teach her to show off her chains ğŸ¤£ #viral #foryou #gangster #gangsterbabyğŸ˜ #foryoupage #whowantsmoke,1639771472
#blazer #blazers #blazeroutfit #blazerstyle #cool #style #fashiontiktok #streetfashion #chinastyle #chinastreetstyle ,1665224845
X Pose #lagurayaaidilfitri #lagubaharu #laguviral #fypã‚· #tiktokmalaysia #abglegend ,1711380686
"#BisaKuatChallenge Anakku sedang di umur yang banyak banget kegiatannya ! Tapi itu ga jadi halangan untuk menolak challenge dari aku , karena dia selalu bisa kuat untuk semua aktivitasnya. Karena aku selalu memberinya asupan yang bergizi dan biskuat , snack yang bernutrisi !  Kalau semua kebutuhannya terpenuhi, dia bisa dan kuat menjalani semua kegiatannya.  Yuk ikutan sdan tunjukan kegiatan anak kamu bersama biskuat ! #BisaKuatChallenge ",1711035244
,1710990185
,1710906342
AA DRAWING ditantang sama JUANNEVEâ—ï¸ #aadrawing #juannevenantanginaadrawing #aadrawingjuanneve #aadrawingfunny #aadrawingcore #lucu_ngakak #lucu #videolucu #videongakak #virallucu #komedi #komedikocak #viraÅ‚ #viraltiktok #viral_video #viralvideos #komeditiktok #fyp #fypã‚· #fypã‚·ã‚šviral #juanneve @Juan & Eve ,1728087893
ni kebun abg sulung saya...#cikpia #fyp #fypã‚·ã‚šviral #norsufiajohari #fypage #tiktokviral #trending #fyppp #shepiaempire #tiktok #serimuka #queenofulam ,1733634291
"1 podcast cÃ¹ng chá»‹ @CÃ´ Em Trendy khÃ¡ lÃ¢u rá»“i nhÆ°ng láº¡i Ä‘ang cÃ³ khÃ¡ lÃ  nhiá»u Ã½ kiáº¿n cÃ¹ng/trÃ¡i chiá»u, Ä‘á»‘i vá»›i má»i ngÆ°á»i thÃ¬ sao áº¡? ",1726917373
aus dem nix.. ğŸ˜“#abi #abi2025 #schule #dbg #fy ,1727876304
Replying to @zo  for the redheadsğŸ˜ğŸ™ #foryou #fyp #wlw #girlsgirl ,1719435030
unfortunately im only focused on myself unlike all the mad ppl in the comments who have sm to say about what other pekple do LMAO #raving #raveoutfits ,1733213896
"Adik ni tengok live semalam, dia cari bajet bawah seribu abang pun suggest ambik XR 256GB, lepas live terus datang kedai.  Abg ingat adik nak tanya sahaja tengok terus sampai kedai.  Terima kasih sebab support KLIKI â¤ï¸ ",1733632777
ğŸ¤­ğŸ¤­,1729225674
What they donâ€™t know is that her mother is almost 10 years my senior and a PhD Microbiology researcher ğŸ¤“ #veteran#southeastasian#mailorderbrode#mailorder#asian#mixedrace#fatherdaughter#wasian#mixed#asianproblems#wasianproblems#wasian#mixedfamily ,1716751399
Jangan sampai abg malik kita sengatt ğŸ˜¬#imam #bilal ,1713597727
"#Abuya Skibidi BidiğŸ¤£!  Bukan Hantu Biashe BiasheğŸ¥!! Sokong Filem Abg SadoğŸ«¶!! Beli 10 Tickets, Satu Free Ticket InshaAllah ğŸ«¶!!!  #AbangSado  #GengAbgSado #BombSquad ğŸ’£! #KoleksiAbgSado #OrangBagusBagusJe  Anticipate #BukanHantuBiasheBiashe  #BHBBTheMovie @BHBBTheMovie ğŸ¥ğŸ«¶!  Believe It, Receive It!  â• â• â• â• â• â• â• â• â• B.O.B.B Pre Production In ProgressâœğŸ¾! â• â• â• â• â• â• â• â• â• â• â• â• â• â• â• â• â• â• â• â• â• â• â• â• â• â• â• â• â• â• â• â• â• â• â• â• â• â• â• â• â• â• â• â• â• â• â• â• â• â• â• â• â• â• â• â• â• â• â• â• â• â• â• â• â• â• â• â• â• â• â• â• â• â• â• â• â• â• â• â• â• â• â• â• â• â• â•  â• â• â• â• â• â• â• â• #CrackyDon  #NollywoodActionKing  #BOBBTheMovie #AARMProductions  #TikTokLive #IShowSpeed #BadCopMovie #ForYourPage #BlackOutTheMovie #FYP #TikTok #Viral #Rempit #GoodVibesOnly #BukanHantuBiasheBiashe ",1726954196
Solenidade em ComemoraÃ§Ã£o ao 201 anos do 1Âº BatalhÃ£o de Guardas - BatalhÃ£o do Imperador ğŸ‡§ğŸ‡· 3 #2024 #exÃ©rcitobrasileiro #exercito #militar #forÃ§asarmadas #eb #1bg #bgp #guardapresidencial #desfilemilitar #batistademelo ,1717808277
kiá»ƒu mÃ  áº¿ dai dáº³ngğŸ¤¡ #makeup #abg #asianbabygirl #fact ,1730898303
cringe ğŸ¤£ #ph #chubbygangph #asianbabygirl #fyp #tiktok #fypã‚·,1656294293
make up abg Ä‘uy chá»¥p áº£nh photoboothğŸ«£ #makeup #abgintern #asianbabygirl #abg #vibe ,1730365730
Zoya lagi eksyen ğŸ«£ #bayilucu #fypã‚·ã‚šviral  #bayi #bayitiktok #bayigemes #bayiviral #zoya #busui #bumil #baby #funnybaby #babygirl #newborn #cutebaby #asianbaby #babytiktok ,1733059700
kiá»ƒu mÃ  áº¿ dai dáº³ngğŸ¤¡ #makeup #abg #asianbabygirl #fact ,1730898303
#abg #abgmakeup ,1728747048
#fypã‚· #ğŸ‡µğŸ‡­ #09 #abg ,1719153331
Not wasting time ğŸ˜‚ #fypã‚· #newmusic #newartist #abg ,1730146246
even tho itâ€™s storming :( #fyp #foryou #k18results #southbay #sanjose #boba ,1672860041
Twins in different fonts ğŸ‘¯â€â™€ï¸ #fyp #foryou #foryoupage #wasian #uk #thai #asian #blonde #abg #07 #uk #polish #easterneuropean #makeup ,1724323586
Ğ½Ğ°Ğ´ĞµÑÑÑŒ Ğ½Ğ¾Ñ€Ğ¼. #fyp #fyr #on #abg #fypã‚· #radl #rek #love #funny #tiktok #live #live #aktiv #gacha #Ğ°ĞºÑ‚Ğ¸Ğ²,1679911996
kiá»ƒu mÃ  áº¿ dai dáº³ngğŸ¤¡ #makeup #abg #asianbabygirl #fact ,1730898303
Feeling good about feeling good these days #fitnessmotivation #40andfitmom #40andfit #vietnamese #asianbabygirl #abg #fyp #40andover #hotmomsoftitkok ,1717405082
#asiangirl #asianbabygirl #abg #abgs #electricdaisycarnival #edc #rave #raver,1623883109
make up tutorials? #abg #abgintern #vibe #asianbabygirl ,1727091208
angel ğŸ˜‡ eyes ğŸ‘€ #asiangirl #babygirl #chinesemakeuplook #eyeplusmedia ,1712248622
Goodmorning my sunshine! â¤ï¸ @Melanie Mella  #fyp #fypã‚·ã‚š #newborn #babygirl #asianhospital #baby #babylove ,1731718822
@kenkiieeâ˜† #abg #socal #asian #babygirl #theydontloveyoulikeiloveyou ,1730871290
This took me so longğŸ˜« Donâ€™t let this flop plzğŸ¥º #abg #asianbabygirl #makeuptransformation #makeuptutorial #abgtiktok #fyp #foryou #ä¸­å›½å¥³å­©,1589136475
"our daughter is 1/2 chinese, 1/4 Sri Lankan, 1/4 Malaysian, but 100% asian ğŸ˜ #mixedbaby #chinese #srilankan #malaysian #babygirl #mixedcouple #asianbaby #babyphotos ",1705194170
kiá»ƒu mÃ  áº¿ dai dáº³ngğŸ¤¡ #makeup #abg #asianbabygirl #fact ,1730898303
kiá»ƒu mÃ  áº¿ dai dáº³ngğŸ¤¡ #makeup #abg #asianbabygirl #fact ,1730898303
GoodMorning! ğŸ¥µğŸ¤— #fyp #foryoupage #tattedasian #hoodasian ,1661345870
POV: youre sitting front of a high korean high school gangster girl. DUET ME hehe #ì¶”ì²œ #foryou #korean #ì—°ê¸° #ì—°ê¸°í‹±í†¡ì»¤ #ë”ë¹™ #ë­˜ë´ #duetme #asian #pov,1601011390
,1698854210
,1697877558
à¹à¸”à¸‡ğŸ‡¹ğŸ‡­ #foryoupage #fyp #newtrend #fypppppppppppppppppppppp #asianbabygirl #thailandgirlğŸ‡¹ğŸ‡­ ,1733193868
à¸„à¸¸à¸“à¹€à¸ˆà¹Šà¹€à¸›à¹‡à¸™à¸Šà¹ˆà¸­à¸ˆà¸µà¸™ğŸ‡¨ğŸ‡³ğŸ˜–ğŸ‘‰ğŸ»ğŸ¤#douyinæŠ–éŸ³ #beautifulgirl #chinesegirl ,1727694004
,1681209832
#duet with @GoldenGunnz #callthepopohoe #fyp #comedy #asian  #singingchallenge #littlegirl ,1706012128
â¤ï¸#foryoupage #fyp #newtrend #asianbabygirl #fypppppppppppppppppppppp #thailandğŸ‡¹ğŸ‡­  ,1731198930
#fyp#foryou#foryoupage#asian#abg#chinese#short#shortgirl#small,1624655975
"MashaAllah, rezeki saya dapat jumpa Datuk Seri Feruz, owner @JAKEL MALL HQ yang sangat sangat memberi inspirasi buat saya untuk bangkit. Sebak dengar setiap kata kata dia. Sangat hebat orangnya, humble Terima kasih kerana sudi beri sumbangan dan juga sponsor baju raya dari Jakel buat saya sekeluarga. Syukur tak terkata Baru saya tahu yang Jakel mempunya lebih dari 1000 orang pekerja yang rata orang melayu kita dan antara penyumbang zakat terbesar. Semoga beliau menjadi contoh buat saya dan semua agar lebih kuat untuk menghadapi dugaan hidup Terima kasih juga @ANASÂ® kerana sudi kenalkan saya dengan Datuk dan yang lain. Semoga Allah balas jasa Anas Yang belum beli baju raya, jom support perniagaan islam kita Jakel #KongsiBersama ",1711640816
Betong Vibes! Is Done !!! Approve By @BOBYUNUS @AJ  #fyp ,1717482266
Malah ngupilğŸ¤£ğŸ¤£#masyaallahtabarakkallah ,1711608036
"ğ™‘ğ™šğ™§ğ™¨ğ™ ğ™›ğ™ªğ™¡ğ™¡ ğ™£ğ™®ğ™– ğ™¥ğ™šğ™§ğ™œğ™ ğ™ ğ™š ğ™˜ğ™ğ™–ğ™£ğ™šğ™¡  ğ™”ğ™©.""ğ™®ğ™¤ğ™ªğ™§ ğ™™ğ™ªğ™™ğ™"" ğ™ğ™£ğ™©ğ™ªğ™  ğ™¢ğ™šğ™£ğ™œğ™¨ğ™ªğ™¥ğ™¥ğ™¤ğ™§ğ™© ğ™–ğ™—ğ™œ ğ™£ğ™®ğ™– #yourdudhreaction #reactionvideo #lucu_ngakak #kiwkiwpride ",1728650341
Ay no amigos ğŸ˜¢,1716866316
MEMANG GITU DIYAHKğŸ‘½#TembungPusatIndustri ,1716441027
PEKANBRAU GA BUTUH ACğŸ‘½#PekanbaruKotaSalju ,1719291875
"ğ™‘ğ™šğ™§ğ™¨ğ™ ğ™›ğ™ªğ™¡ğ™¡ ğ™£ğ™®ğ™– ğ™¥ğ™šğ™§ğ™œğ™ ğ™ ğ™š ğ™˜ğ™ğ™–ğ™£ğ™šğ™¡  ğ™”ğ™©.""ğ™®ğ™¤ğ™ªğ™§ ğ™™ğ™ªğ™™ğ™"" ğ™ğ™£ğ™©ğ™ªğ™  ğ™¢ğ™šğ™£ğ™œğ™¨ğ™ªğ™¥ğ™¥ğ™¤ğ™§ğ™© ğ™–ğ™—ğ™œ ğ™£ğ™®ğ™– #yourdudhreaction #reactionvideo #kiwkiwpride #lucu_ngakak ",1726908495
sebab tu rumah abang still guna water purifier manualğŸ˜… #homeelectricalproducts #tips #tipsandtricks #abgletriqq #fyp ,1714401889
Perbedaan hp iPhone sama hp android? izin Collab bg @Acil majalengka  #didijjremixxâš¡âš¡ #acilmajalengka #mout #zmn14ğŸ´â€â˜ ï¸ #fypã‚·ã‚š ,1733623844
"ğŸŠ: ini tempat gua pegang, ini tempat gua punya lah!",1713411093
THE ENDING WAS NOT PLANNED!!! ğŸ˜­ğŸ§Œ #fyp #foryou #foryoupage #viral #funny #pov #relateable #asian #chinese #abb #abg #cali #basic #seaside ,1723664543
they were trying to post in insta with  strategy as bg musicğŸ¤£ #twice #momo #tzuyu #motzu #twicestrategy #twice14thminialbum ,1733617706
"ğ™‘ğ™šğ™§ğ™¨ğ™ ğ™›ğ™ªğ™¡ğ™¡ ğ™£ğ™®ğ™– ğ™¥ğ™šğ™§ğ™œğ™ ğ™ ğ™š ğ™˜ğ™ğ™–ğ™£ğ™šğ™¡  ğ™”ğ™©.""ğ™®ğ™¤ğ™ªğ™§ ğ™™ğ™ªğ™™ğ™"" ğ™ğ™£ğ™©ğ™ªğ™  ğ™¢ğ™šğ™£ğ™œğ™¨ğ™ªğ™¥ğ™¥ğ™¤ğ™§ğ™© ğ™–ğ™—ğ™œ ğ™£ğ™®ğ™– #yourdudhreaction #reactionvideo #lucu_ngakak #kiwkiwpride ",1727272433
asik bgtt party mala cwe cwe anggun inii jdi cegil dulu bentarğŸ˜‹ğŸ˜‚ #washifassegaf #washifa #da5sridevi #oldhamrachel #cantikaputrikirana #basmalahgralind #shofiashireenassegaf #ciaranadinebrosnan #queen #masukberandafyp ,1733632538
RÃ©ponse Ã  @femme noir #fyp #fyppage #foryoupage #fy #foryourpage #fyp #fy #foryou #fy #fy #fy. #fypã‚·ã‚š  ,1733644216
a juanda no le interesa aparecer ig: laleoparda_bga #parati #fyp #Viral #laleoparda #santander #bucaramanga #fans #colombia #seguidores #besodelaleoparda #mundo #auriverde ,1726161604
i â¤ï¸ abgs #asian #abg #boba ,1723571824
LIPSYNC ğŸ¤SLAM - NUR KASIH #MengamitKenangan  #zamanislam #nurkasih #abgjiwang90an #abangjiwang95 #lagudanlirik_aj slmt ptg shbt2 abg jiwang ,1724913266
i â¤ï¸ abgs #asian #abg #boba ,1723403075
Bbc now ğŸ”¥ğŸ”¥ğŸ”¥ #fypp #fyp #viral_video ,1733611020
#vanvicker #iniedo #ikogbonna #brownsuga  #fyi #foryou #viralvideo #goviral #goviraltiktok #trendingvideo #Davido #davidoofficial #30bg #dmw #gistfacts #chivido2024 #chechi #chefchioma #chinenyennebe   #scriptwriter #producer   #chizzyalichimbah  #chizzyalichi  #soniauche  #chinenyennebe #unchenancy #ngoziezeonu #filmmaker #contentcreator   #zubbymichael #zubby #nawedeyhere #donregtv  #ekeneumenwa  #wedding  #mercyjohnsonokojie  #sabinus  #mercy #seyivibez  #funkeakindele  #luchydonalds #nollywood  #nollywoodactress #reginadaniels #naijacelebrity #burnaboy ,1724007410
Covered Esther Yuâ€™s å¯„æ˜æœˆ dance in Times Square! Have you watched Love Game in Eastern Fantasy yet? ğŸª­ ğŸ“·: @SPIKEæ  Stylist: @baozi_christina  â€¢ â€¢ â€¢ #abg #ç¾å¥³ #lifestyleblogger #nycfashion #cosplaygirl #funnyreels #egirl #ulzzang #dancecover #lovegameineasternfantasy #cosplay #animegirl #å°çº¢ä¹¦ #fashionblogger  #ootd #tiktokdance #kawaiiaesthetic #hanfu  #douyin #asiangirl #fandance #chinesedance #chunli #lolitafashionstyle  #estheryu #æ°¸å¤œæ˜Ÿæ²³ #nycmodel #chinesedress #tiktokgirl ,1733442362
Reply to @cattuong1901 An â€œabgâ€ makeup ğŸ˜† #fypvietnam #makeup #trangdiem,1625910473
cape bnr abang ini kuliah sampe butuh peganganğŸ™ğŸ»ğŸ˜­ #fypã‚·ã‚š #mahasiswa #lelah #bucin #kuliah #capek ,1698932554
my fav song lol #abg #fyp #filipina ,1679203634
,1731420348
Dapat lang malaman mo ğŸ¤ª #fyp ,1724174891
kiá»ƒu mÃ  áº¿ dai dáº³ngğŸ¤¡ #makeup #abg #asianbabygirl #fact ,1730898303
"""HAPPINESS IS A FUNCTION OF PROGRESSâ€œ #Progress #WorkOut #GymTime #SmallProgress #EOSGym #NIKE #NikeGear #270s #ThiccThighs #BlieVibes #ThickThighsSaveLives #AsianPersuasion #ThickAsians #AsianBabyGirl #GymRat #Gainz #OntarioCA #Riverside #liftweights #LosAngeles ",1731033414
khÃ´ng Ä‘á»•i! #abg #abgintern #vibe #asianbabygirl #makeup ,1727522681
MasyaAllah. Iyaya kenapa begitu yaa ğŸ¤”ğŸ¤” #bayilucu #fyp #bayi #bayitiktok #bayigemes #bayiviral #zoya #busui #bumil #baby #funnybaby #babygirl #newborn #cutebaby #asianbaby #babytiktok #fypã‚·ã‚šviral ,1717984454
Im over you ğŸ¦‹ğŸ’™  #babygirl #CapCut #bluebillieeilish #billieeilish #fyp #fypã‚· #prettylittledemon #foryourpage #alttiktok #altgirslclub #asianbabygirl #altgirlsfyp #blueaesthetic #bluethoughts #asiangirl #vietnamese #fyppppppppppppppppppppppp #blue ,1716277772
t hÆ¡n nÃ³ 20kg Ä‘Ã³ trá»i? Cá»© pháº£i lÃ  lÃ´i cÃ¢n náº·ng ra nc z t ğŸ˜© #abg #abgintern #asianbabygirl #vibe ,1725812972
Iâ€™m sorry @helloginadarling #abg #asianbabygirl #asianbaby #koreanguy #vietgirl #asian #fyp #gamergirl,1598662764
"â€œ Patience is not the ability to wait, but the ability to keep a good attitude while waiting.â€ #lookatmehabibi ğŸ¥° #love #lifebuoykarona   #asianbabygirl ğŸ’“",1678383858
My Filipino genes were Filipino-ing HAHAHAHAHA #greenscreen #abg #hawaii #asianbabygirlmakeup #filipina ,1704170019
NÃ³ Ä‘Ã£ Ä‘Ã£ #abg #abgintern #asianbabygirl #vibe ,1728713026
,1731472138
Hey babygirl - guess who is allowed to post again ğŸ˜ğŸ–¤ #babygirl #trend #fyp #cosplay #asian,1643469939
#fypã‚·ã‚šviral #prettygirl #babygirl #asiangirltiktok ,1732265015
cÃ´ng viá»‡c cá»§a anh cao 1m55 náº·ng 50kg ğŸ¦¥ #abg #abgintern #fact #asianbabygirl  ,1725688198
#ABG #asianmakeup #asianbabygirl #cute #kawai #ãƒ¯ãƒ³ãƒ›ãƒ³ãƒ¡ã‚¤ã‚¯ #ã‚®ãƒ£ãƒ«ãƒ¡ã‚¤ã‚¯ #æ¸…æ¥šç³» #ãƒ‰ãƒ¼ãƒªãƒ¼ #dollymakeup #makeuptutorial #chinesemakeup #koreanmakeup #badass #sexy,1687430428
kiá»ƒu mÃ  áº¿ dai dáº³ngğŸ¤¡ #makeup #abg #asianbabygirl #fact ,1730898303
kiá»ƒu mÃ  áº¿ dai dáº³ngğŸ¤¡ #makeup #abg #asianbabygirl #fact ,1730898303
kiá»ƒu mÃ  áº¿ dai dáº³ngğŸ¤¡ #makeup #abg #asianbabygirl #fact ,1730898303
teratai layu di Tasik madu #fyp #abgnursiah #tiktok ,1717645897
DAY 2  | Selangor Vibes #fyp ,1719195125
hello!  #babygirls #chinesebaby #asianbaby #wasian #cutebabygirl #asiangirlstiktok,1639092752
Everything so funnyğŸ˜‚ #babyfever #whiteasianbaby #babygirlerac,1639448819
,1723164732
Gangsta Babies...Squad Up!!! #gangsta #baby #ganggang #aifilter #toofunny #funwithfilters #trending #foryou #fypã‚·ã‚šviral ,1715882803
Slat Los ğŸ˜ˆğŸ”¥@Ohdatsziggy4x #ziggy4x #slatlos #gangsterbaby #3amthoughts #fyp #CapCut ,1710752566
#asian #asia #baby #babyboy #handsome ,1732643992
"Ketu4 Genk V4scal Ditangk4p Polisi meringkus ketua geng Vascal beserta komplotannya yang sedang melaksanakan aksinya di dua tempat sekaligus. pemuda yang mengaku Ketua Geng Vascal setelah terlibat kasus pengeroyokan di Lapangan SMA Taman Madya Sarjanawiyata Tamansiswa Tahunan, Umbulharjo, Kota Yogyakarta merupakan residivis.  Pemuda yang bernama Reno Anggara Afriyan Syah (20) ini sudah berstatus tersangka. ""Reno ini dia sudah masuk (tahanan) waktu penganiayaan di Jalan Gambiran, 2021 dengan perkara yang sama, penganiayaan. Pada waktu itu karena masih ABH (anak berhadapan dengan hukum), vonisnya tiga tahun. Ini (sekarang) posisi masih bebas bersyarat, tapi ternyata masih melakukan kejahatan,"" kata Kompol Yayan di Polsek Umbulharjo, Kota Yogyakarta, Selasa (30/5/2023). Reno merupakan salah satu dari enam pelaku yang sudah ditahan atas kasus pengeroyokan di Lapangan SMA Taman Madya. Pelaku lainnya yakni Rifky Neza Saputra alias HOHO (18), dan empat lainnya merupakan ABH berinisial MSM alias IAN (16), MDHS alias Dapek (16), RT alias SIPAP (16), dan ANN (17). Seperti diketahui, pengeroyokan atau penganiayaan yang dilakukan di Lapangan SMA Taman Madya dilakukan dengan turut mengajak duel lawannya. Reno yang merupakan ketua Geng Vascal waktu itu menyuruh ABH untuk sparring hingga melakukan pengeroyokan di lapangan tersebut. Pengeroyokan dan sparring itu dilakukan sebagai bagian dari ospek perekrutan anggota geng. ""Tersangka Reno ini mengaku Ketua Geng Vascal, sehingga dia membawa adik-adik ini untuk direkrut jadi anggota. Sehingga ketika di lapangan dia ketemu sama anak-anak, juga langsung diajak untuk sparring-an, untuk mencoba atau menjajaki anggota gengnya, ospek, semacam itu, latihan,"" ungkap Kompol Yayan. Selengkapnya: polresjogja.com Salam Presisi! #polri #presisi #polripresisi #poldadiy #poldajogja #polrestayogyakarta #yogyakarta #polresta #jogjaviral #jogja24jam #fyp #fypã‚· #xyzbca #polresjogja #tiktok #capcut ",1685509264
baby gangster filter #ai #postivevibes #trending #trendingsong #animation #image #picture #epic #iconic #foryou #viralvideo ,1724422835
On continue ? ğŸ˜±ğŸ˜±ğŸ¤£ #humour #pourtoi #foryou ,1733591946
LIPSYNC ğŸ¤Jangan Menangis Sayang #safura #oney #lagujiwang90anmalaysia #abangjiwang90an #abangjiwang95 #lagudanlirik_aj slmt ptg shbt2 abg jiwang,1730618260
@al badrii #TIKTOKSENEGAL #senegalaise_tik_tok #senegalaise_tik_tokğŸ‡¸ğŸ‡³pourtoichallenge #islamic_video #diaspora #viral_video #vision ,1732753026
LIPSYNC ğŸ¤Pahit Akan Manis Akhirnya â€¢ Ukays #pahitakanmanisakhirnya #ukays #amirukays #lagujiwang #abgjiwang95 #abangjiwang90an #lagudanlirik_aj Slmt mlm shbt2 abg jiwang ,1726746110
YAKIN MASI MAU BEAT STREET?ğŸ‘½ @sasa #BITKINCIT ,1727932631
Boleh cuba petua khusus ketiak ni #ketiakhitam #bauketiak #abgpetua #mahadiabdullah07 ,1713525757
Good bye #fyp #fypage ,1718705993
Sabado de Sociales. #paratiiiiiiiiiiiiiiiiiiiiiiiiiiiiiii #parati #abgthomasenriquevelasquezsanoja #juecesdepaz #2025 #2024 ,1733623785
Doll makeup ğŸ’— #makeuptutorial #chinesemakeuplook #asiangirl #nyc #babygirl #lip #doll ,1707270123
My little angel #newmom #newparents #pregnant #baby #babygirl #babytiktok #tamilbaby #tamil #transition #southasian ,1714662967
ğŸ©¶ #fyp #for #trand #04 #nomakeup #thailand #asian #trends #mood #abg ,1733534682
smaa 2 abg 16 tahunğŸ¤ª,1712662578
Membalas @muhammadwahyu3136 ,1710603638
"Lelaki tempatan yang menggunakan nama pengguna ""mohdnrhadhim"" A.K.A â€˜Abang Basâ€™ dikatakan membuat kandungan kanak-kanak bawah umur di dalam basnya dengan kapsyen yang agak membimbangkan. #abangbas #abangbastiktok #viral #fyp #fypmalaysia #tiktokmalaysia #viralmalaysia",1725611400
kiá»ƒu mÃ  áº¿ dai dáº³ngğŸ¤¡ #makeup #abg #asianbabygirl #fact ,1730898303
the 90s tho... ğŸ–¤ ğŸ¦‡ ğŸ–¤ #abg #baggy #asianbabygirl #asian #viet #vietnamese #vietnam #lashes #colorado #coloradosprings #bts #fyp #foryoupage #facebook #instafamous #blackandwhite #allblack #womancrushwednesday #holla #lips #saturday #hawaii #makeup #motd #90s ,1711594133
#teens #kidsoftiktok #schoollife #scared #childhood #jailbreak #jailtiktok #boysvgirls #jailhouse #gangofpailipada #inmates #cell #foxnews #wildkids #nypd #fyp #fpy #4u ,1675010650
ğŸ—¿ #fyp #fypage #many #gangster #fypage #crazy #boyğŸ’€ #genggengğŸ”¥ #strongest ,1722074583
ASIAN GIRLS are WAGYU BEEF?!?! #podcast #asian #asiangirls #asianboys #viewsfromsix8 #viewsfrom68 #asia #korean #dating  #publicinterviews #streetinterviews #fyp #abg ,1684754243
Relate? #officialanthea #godothedishes #filipinomoms #filipinorelatable #tiktokph #gangstersparadise #tsinelas #artengpinoy #asianmomsbelike #filipino,1591977740
Asian guys ğŸ’—ğŸ¤­  #fyp #fypã‚· #fypã‚·ã‚šviral #foryoupage #foryoupage #foryoupageâ¤ï¸â¤ï¸ #foryoupage #foryoupage #foryoupage #viral #pourtoi #foryoupage #asianboy #asiantiktok #foryoupage #foryoupage ,1695763458
"Baby, Iâ€™m a gangster tooğŸ”«",1655550927
Lebih baik belajar yang pintar biar jadi orang sukses - buat orang tua mu banggağŸ‘ŒğŸ˜ .  #polisiindonesia #polisibaik  #polseksimokerto #poldajatim #polrestabessurabaya #areksuroboyo  #surabayaterkini #surabayahits #gangstersurabaya #viralsurabaya  #inisurabaya #aslisuroboyo #lovesuroboyo #exploresurabaya ,1697117876
#duet with @Grim Clipz  Kid joins a gang at the age of 14 #fyp #gang #roadman #uk ,1697820676
i love yâ€™allğŸ’˜ #asiangirls #asiangirlcheck #asiangirl #asianz #asianpersuasion #asianinvasion #asianbabygirl #asianbabe #asianbeauty #vietgirl #abg,1591561850
Abg intern láº§n thá»© n vÃ  hum nai lÃ  outfit abg intern henn ğŸ€ #abg #abgintern #vibe #asianbabygirl #unboxing #laminapparel #lamin ,1727170623
#abgmakeup #tutorial Makeup products: Primer: pore ranger emina Concealer: pixy 02 sand beige Alis: implora dark brown 007 Contour: mineral botanica Powder: Y.O.U noutriwear airy fit N507 Blush: tarte eyeshadow pallete Eyelash: https://id.shp.ee/Pt4MD3h yang 3D02 Lip liner: https://id.shp.ee/xNN7zaQ shade coconut Liptint: barenbliss shade 01,1718964354
Tq abg @Reymond@Jayr  velanjahhhh ğŸ§‹,1733628905
"if thereâ€™s something youâ€™re not happy with, try something new with your hair!â™¡Â´ï½¥á´—ï½¥`â™¡ #hair #hairtok #hushcut #hairstyle #wolfcut #asianhair #asian #asiangirl #abg #hairishairing #roundface #foryou #fyp #viral @Clesteege ",1730056653
Reiner after destroying the gate of Rose wall. . . . . #shingekinokyojin #aot #attackontitan #reinerbraun #titan #armoredtitan #alibi #bgs2024 #bgs #cosplay ,1728909407
To late for this trendğŸ˜­ #asian #asiangirl #type #latino #fyp #vira #asiantiktok #CapCut #lightskin ,1718970824
Everything so funnyğŸ˜‚ #babyfever #whiteasianbaby #babygirlerac,1639448819
It really makes people happy~ ğŸ˜„ #dance #fyp #babytiktok #keep #vlog #music #socute #cutebaby #funny #trending ,1713342359
#parel #pearl #baozhu #cute #baby #fyp #spa #babyspa #healing #ASMR ,1722403781
â¤ï¸ #blasian #blasiankid #awbm #interracialcouple #couple #couplegoals ,1726969880
#thaigirl #glassesgirl #cutegirls #dance ,1705414126
Cutest TikTok Babies || Part 2 #foryoupage #unflopme #pearl #shelanda #bryer #emby #tina #xyza #foryoupageofficiall #viral #tiktok #babies ,1725427140
aaaaa ğŸ—¿ #douyin #douyinæŠ–éŸ³ #chinesegirl #fyp #shenzhenhighschool ,1716895049
"ğŸŸ : yaelah bg kecil amat umpan lu, mana kenyang  #armondheuz ",1731241259
nggak nyangka bgtt bakal giniğŸ˜­ akhirnya gajadi dimakan karena suasana udh ga kondusifğŸ˜ƒğŸ«µ #firstdate #fyp ,1733214665
begitulah  persahabat ituğŸ™ƒğŸ˜,1724561967
#abgmakeup #tutorial Makeup products: Primer: pore ranger emina Concealer: pixy 02 sand beige Alis: implora dark brown 007 Contour: mineral botanica Powder: Y.O.U noutriwear airy fit N507 Blush: tarte eyeshadow pallete Eyelash: https://id.shp.ee/Pt4MD3h yang 3D02 Lip liner: https://id.shp.ee/xNN7zaQ shade coconut Liptint: barenbliss shade 01,1718964354
koreatown LA girl,1715684880
sure is,1712790442
10 more days ğŸ¥¹ğŸ˜©ğŸ©·,1716255013
ok last da ğŸ˜„ #fyppppppppppppppppppppppp #volleyball ,1724500774
Abang gua bgt,1695215532
#abgmakeup #tutorial Makeup products: Primer: pore ranger emina Concealer: pixy 02 sand beige Alis: implora dark brown 007 Contour: mineral botanica Powder: Y.O.U noutriwear airy fit N507 Blush: tarte eyeshadow pallete Eyelash: https://id.shp.ee/Pt4MD3h yang 3D02 Lip liner: https://id.shp.ee/xNN7zaQ shade coconut Liptint: barenbliss shade 01,1718964354
#abgmakeup #tutorial Makeup products: Primer: pore ranger emina Concealer: pixy 02 sand beige Alis: implora dark brown 007 Contour: mineral botanica Powder: Y.O.U noutriwear airy fit N507 Blush: tarte eyeshadow pallete Eyelash: https://id.shp.ee/Pt4MD3h yang 3D02 Lip liner: https://id.shp.ee/xNN7zaQ shade coconut Liptint: barenbliss shade 01,1718964354
explaining tiktok slang...& transforming myself into an #abg ğŸ˜³ #dontcomeforme #asianbabygirl #asianbabyboy #makeuptransformation #hairtransformation,1595351893
gang jitsu sign ğŸŒ€,1698592132
#abgmakeup #tutorial Makeup products: Primer: pore ranger emina Concealer: pixy 02 sand beige Alis: implora dark brown 007 Contour: mineral botanica Powder: Y.O.U noutriwear airy fit N507 Blush: tarte eyeshadow pallete Eyelash: https://id.shp.ee/Pt4MD3h yang 3D02 Lip liner: https://id.shp.ee/xNN7zaQ shade coconut Liptint: barenbliss shade 01,1718964354
SÃ¼ÃŸ #fypage #fyp ,1722884180
join trend aja ga bermaksud ya bg agus ğŸ˜»ğŸ«¶ğŸ» @Meihara._ #ataaaaq ,1733562350
Happy chinese new yearğŸ˜˜#triplets #hujiasanqianjin #fyp #cutebaby #babylovers #foryou ,1674316991
i love primark pjs sm #09 #fyp #xzbcya #xzyabc #trend #trending #ibetyoulookgoodwhenyouwakeup #asian #asiangirl #chinese #viral #blowup #fyp #fyp#fypã‚·ã‚šviral #fypage #foryou #xzyabc #foryourpage #like #follow #share #comment #3 ,1714335490
ğŸ˜˜ #asiangirl #cambodian #asian ,1716720915
ğŸ™‚ğŸ‘€? #publicinterview #interview #asian #ethnicity #ucr ,1705535849
"STOP SAYING â€œU R PRETTYâ€, learn this instead :) #vietnamese #duolingo #asian #vietnamese ",1719689297
"Day 2 lÃ m ABG vá»›i mÃ¬nh nhaa, nay thay Ä‘á»•i xÃ­u xiuu vá» nail nÃ¨ğŸ¤¯ má»‘t gan hÆ¡n thá»­ cÃ¡i mÃ³ng dÃ i 8 thÆ°á»›c sau ğŸ˜¶â€ğŸŒ«ï¸ #nail #mardollhouse #mardoll #nailart #nailabg #nailhcm #asianbabygirl #abg #vibe #tips ",1724245673
Whatâ€™s Asian Baby Girlâ€™s?,1729772104
#abgmakeup #tutorial Makeup products: Primer: pore ranger emina Concealer: pixy 02 sand beige Alis: implora dark brown 007 Contour: mineral botanica Powder: Y.O.U noutriwear airy fit N507 Blush: tarte eyeshadow pallete Eyelash: https://id.shp.ee/Pt4MD3h yang 3D02 Lip liner: https://id.shp.ee/xNN7zaQ shade coconut Liptint: barenbliss shade 01,1718964354
#abgmakeup #tutorial Makeup products: Primer: pore ranger emina Concealer: pixy 02 sand beige Alis: implora dark brown 007 Contour: mineral botanica Powder: Y.O.U noutriwear airy fit N507 Blush: tarte eyeshadow pallete Eyelash: https://id.shp.ee/Pt4MD3h yang 3D02 Lip liner: https://id.shp.ee/xNN7zaQ shade coconut Liptint: barenbliss shade 01,1718964354
#abgmakeup #tutorial Makeup products: Primer: pore ranger emina Concealer: pixy 02 sand beige Alis: implora dark brown 007 Contour: mineral botanica Powder: Y.O.U noutriwear airy fit N507 Blush: tarte eyeshadow pallete Eyelash: https://id.shp.ee/Pt4MD3h yang 3D02 Lip liner: https://id.shp.ee/xNN7zaQ shade coconut Liptint: barenbliss shade 01,1718964354
#abgmakeup #tutorial Makeup products: Primer: pore ranger emina Concealer: pixy 02 sand beige Alis: implora dark brown 007 Contour: mineral botanica Powder: Y.O.U noutriwear airy fit N507 Blush: tarte eyeshadow pallete Eyelash: https://id.shp.ee/Pt4MD3h yang 3D02 Lip liner: https://id.shp.ee/xNN7zaQ shade coconut Liptint: barenbliss shade 01,1718964354
hey 2020 #dixiedamelio #noahbeck #viral #fypã‚· #foryou #2020 #recommendations ,1723926388
"of course i animated this in homage to GGBG, a music video i found when several people sent it to me all like ""chloe and clair"" (characters from my ongoing comic Hello From Halo Head) and im nothing if not an aggressive bit committer. thought this'd be a simple one BUT i ended up using the OG as pose/timing ref and doing mostly original animation lol. check out the comparison (the clean version of just my animation without the OG is on my page btw)",1721939445
#fyp #xyzbca #acting ,1703881546
ğŸ¤! APT APT ! #rose #brunomars #apt #cover #singing ,1729306858
Happy bgtt karena suprise nya berhasill dan ternyata aku kena suprise jugağŸ˜ğŸ˜˜ Makasihh ayankkkğŸ˜˜ğŸ«¶ğŸ»  #fyp #imasfahriaty #âš ï¸FAKESITUATIONâš ï¸ #viral #pasutri #masyaallahtabarakkallah ,1733642072
#gangster  #ganstergirl  #hynas #gilsdancing  #lastreets  #street ,1695317132
#duet with @RENDI ğŸ‘½ LUGE SAYO #fakebodyyâš ï¸ #genggengğŸ”¥ #fyp #maynanalona #trending #FYP ,1698922259
gang gang ğŸ¤ŸğŸ¤Ÿ#asian #fypã‚· #fyp #filipino #filo ,1669596128
i got cooked in the second bout after this ğŸ¤£ğŸ¤£ #fyp #fypage #sgfyp #fypsg #foryou #kestonisgay #taekwondo #kyorugi #asianopen #kawairuka #babymonster #jenniekim #jennierubyjane #iloveruka #ilovejennie ,1729494324
you got the something ğŸ¤­ #trendingsong #fyp #blonde #asiangirl,1726248300
what country next? #vietnam #vietnamtiktok #asian #vietnamesegirl #asiangirl #beauty #fyp #viral ,1722939750
Miyu kid hiphop dance #hiphop #hiphopdance #miyu #hiphopdancer #danceperformance #dancecompetition #dance #dancer #asiandance #fyp #fypã‚· #viral,1712507539
:) chicken alfredo #fyp #cooking ,1715639874
2 real,1700715632
Green Screen Little Asian Girl Dancing Meme #greenscreenvideo #greenscreen #niÃ±abailando ,1701178972
ğŸ˜ˆğŸ‘Š#asiangirl #thai#language #gang ,1712571929
she was the colour literally #mysweetmobster #mysweetmobsterep1 #mysweetmobsterkdrama #mysweetmobsterep2 #uhmtaegoo #uhmtaegooedit #hansunhwa #hansunhwaedit #whyher? #whyher #whyherkdrama #worklaterdrinknow #school2017 #shewastheone #theone #colour #color #gangstar #gangster #whenyoyknowyouknow #childern #contentcreator #kdrama #newkdrama #kdramafyp #foryoupage #viral ,1718217595
"#CapCut  ğŸ¥ High School Return of a Gangster ğŸ“ºTelegram / viu  ğŸ“sinopse : Kim Deuk Pal Ã© um gangster de 47 anos que Ã© o segundo cara de sua gangue. Ele nÃ£o tem formaÃ§Ã£o acadÃªmica devido aos pais pobres, mas sonha em cursar uma universidade. Deuk Pal vem estudando para realizar seu sonho, mas nÃ£o Ã© fÃ¡cil. Um dia, ele vÃª um jovem, Song Yi Heon, prestes a se matar. Naquela Ã©poca, o espÃ­rito de Deuk Pal possui o corpo do estudante suicida de 19 anos. Deuk Pal logo descobre que Yi Heon Ã© vÃ­tima de bullying, o que o levou a querer tirar a prÃ³pria vida. Agora, no corpo de Yi Heon, Deuk Pal enfrenta os agressores para puni-los e torna-se amigo do colega Choi Se Kyung. Se Kyung Ã© um estudante modelo que parece estar em uma situaÃ§Ã£o perfeita, mas sofre violÃªncia domÃ©stica por parte de seu pai.  PaÃ­s:Coreia do Sul Tipo:Drama EpisÃ³dios:8 #kdrama #newdrama #bongjaehyun #highscoolreturnofagangster #goldenchild #kdramaedit #kdramas #kdramalover #dorameirasdeplantao #dorameirasiludidas #dorameirasbr #yoonchanyoung #highschoolreturnofgangster #telegram#viu ",1717084085
Do you have any pickup line? Song by @DTM BadGuy ,1682348051
#gangsta #Signlanguage,1618718945
Monmy Gangster Geng Geng! â¤ï¸ğŸ˜‚ğŸ˜‚,1689052783
Happy bgtt karena suprise nya berhasill dan ternyata aku kena suprise jugağŸ˜ğŸ˜˜ Makasihh ayankkkğŸ˜˜ğŸ«¶ğŸ»  #fyp #imasfahriaty #âš ï¸FAKESITUATIONâš ï¸ #viral #pasutri #masyaallahtabarakkallah ,1733642072
yg aan yg mana bg,1706016412
,1718111804
Lucuu bgtt mereka nih ğŸ˜­ğŸ˜­ #SemuaPakeBRImo #ataachico #fyp ,1667105018
Membalas @Dausy` JOIN LIVE SEKARANG JUGA!,1733645872
I love the lordğŸ˜˜ğŸŒ¸ğŸ©·#blowthisup #blondes #blondehair ,1712795294
Ke$ha @ TiK ToK #kesha #tiktok #keshatiktok #fypã‚·ã‚šviral #fypage #fypdongggggggg #fypppppppppppppppppppppp  #song #foryourpage #music #musica #tiktok #tiktokviral #tiktokviralvideo #tiktokviraltrending #tiktokindonesia #Indonesia #fypã‚·  #indonesiatrending #tiktokmalaysia #lyric #lyricvideo #lyricsong #lyric_song #malaysia #malaysiatiktok #fyp #fypage #viral #trending #trendingsong #trendingvideo #foryou #jiwang #karaoke #englishsong #singalong #sing,1661618708
ğ”ğ¬ğ ğŸ§ğŸ˜© â€¢ #extremebassboosted #bassboostedsongs #bassboosted #bestmode #ghost #slowbass #carmusicÂ  #remixÂ #musique #beat #bass #musicaepicaÂ #rolasbrutales #aveeplayer #espectrum #parati #fypã‚· #viral #fypã‚·ã‚šviral #skps #skps_music ,1676307113
#southeastasian #southeastasian #southeastasia #fyp #fypã‚· #fypviral #viral #asiatiktok #country #countries #asia #asian #beauty #girls #boys #china #korea #japan #thailand #vietnam #foryou #foryoupage,1730605717
Weâ€™re actually twins (in my head) ğŸ˜©#momsoftiktok #millenialsoftiktok #millenialmom #blasian #blasianbaby #fyp ,1709602258
the artist ğŸ†š the art ? #tattooartist #chineseboy #trending #rizzasian #fypage ,1733208210
korean movie i've watch #kmoviesreccomendations #thriller #thewitch ,1692772388
sheshğŸ”¥#viraltiktok #fypã‚· #fyp #foryou #pinaytiktok #trending ,1727359885
Is the ending true? ğŸ˜‚ #culture #parents #lol #asian #black ,1664801550
Happy bgtt karena suprise nya berhasill dan ternyata aku kena suprise jugağŸ˜ğŸ˜˜ Makasihh ayankkkğŸ˜˜ğŸ«¶ğŸ»  #fyp #imasfahriaty #âš ï¸FAKESITUATIONâš ï¸ #viral #pasutri #masyaallahtabarakkallah ,1733642072
Membalas @Dausy` JOIN LIVE SEKARANG JUGA!,1733645872
BrickğŸ•Š DuckğŸ•Š #peaceinchicago ,1710371093
sumringah bgttğŸ¤ğŸ˜­ #basmalahgralind #radenrakhadpp #bara #fypdonggggggg #fypã‚·ã‚šviral #fypage #bismillahfyp #foryou #rakhamala #masukberandafyp #magic5indosiar ,1733644943
16:26 || Big boy,1674379634
Stop it ğŸ¤¦ğŸ½â€â™‚ï¸ #gangster #hoodman #roadman #streetlife #hoodlife #trenches #hood #toronto #motivation #selfimprovement #highschooltips ,1718900722
rez kid belike.,1662243927
ğŸš¨ğŸš¨ğŸš¨â€MAâ€™AM YOU ARE KOREANğŸ—£ï¸â€  (this video is a joke) #evilkimlip #chiochicano #grahgrahboom #allmyhoodunnies #youarekorean #ghetto #lmao #joke #shitposting #fyp #funny #kimliploona #fyp #kpop #fyppppppppppppppppppppppp #foryou #repost #like ,1704569714
Arraza a mini querida ğŸ’…ğŸ» #chinesekidshow #chinesekid #chinesejunkfood #viral #dobby #kickgirlğŸ”¥ ,1694617851
Follow my YouTube page for more Link In Bio ğŸ˜­ #kanyewest #ye #kardashian #northwest #foryou #fyp ,1723978679
baby crying while getting a haircut then shows off their bob || #hatsunemiku #croppedmeme #croppedvideo #croppedmemes #croppedvideos #miku #croppedvid #croppedvids #croppedfunnymeme #funnymeme #projectsekai #projectdiva #vocaloid #hatsunemikuvocaloid #meme #fyp #fypage #stantwitter #xyzabc #cropped #memes #hatsunemikucrops #mikucrops #colorfulstage #pjsekai #hatsunemikucolorfulstage #viral #reactionmemes ,1715921084
(ğŸ’ : bigmonsterballs300)#rpmodel #foryoupage #foryou #prettygirl #lipsync #rp #pretty #fypã‚· #asian #audio ,1701150303
cantik banget ğŸ¥µğŸ˜‡ğŸ¤¯ğŸ˜‡#fyp #gemesin #cutebaby #weibo #china #douyinæŠ–éŸ³ #gemesss ,1704373506
#japanesegirl  #Asian  #kawaii  #beautiful #ï¿½ï¿½ï¿½ãƒ©ãƒ“ã‚¢ #ãŠã™ã™ã‚ã«ã®ã‚ŠãŸã„ #fyp #å¯æ„›ã„ #ç¾å¥³ ,1719230722
,1695382526
#abg #asianbaddie #foryou #fypã‚· #fyp #makeup #makeuptutorial #douyin #chinesetiktok #baddie ,1724583997
japanese and chineseğŸ˜›,1720128447
CRITICAL FAIL! #DnD #dndtiktok #dndtok #dungeonsanddragons #dndlive #bg3 #baldursgate3 #astarion #wyll #laezel #karlach ,1733428063
Assalamualaikum pelanggan.. ğŸ™ğŸ»,1733646279
#CapCut ,1725941356
Dont blink #dermdoctor ,1680840331
types of filipino girls... part 1. LOL #foryoupage #foryou #filipina #fyp #filipino #trending #4u,1567138800
ğŸ”¥ #fyp #foryou #blowthisup #fypã‚· #foryourpage #viral #videoedit #foryoupage #girls #hun #prettyhuns #love #xyzbca #cleantok #compilation #challenge #gang #gangsignsğŸ¤˜ #hand ,1677615892
lowk want a reboot | #jdrama #japanesedrama #gokusen #yukienakama #matsumotojun #yankumi ,1679844268
Her bodyguardsğŸ« â¤ï¸â€ğŸ©¹ #socialexperiment #fypã‚· ,1686254663
Baby,1733633194
How Chinese girls dress in real life vary by cities or even different parts of the city. But most like to use beauty filters and the whitening and slimming effects before posting on social media. #chinese #girls #influencer #socialmedia #meitu #filter #ç¾é¢œ ,1676058086
#neipertee #asian #baddie #viral ,1718567075
#asianmom #mommyof2kids #breastfeedingmom #tryingtolovemyself #havingfun,1689982433
,1709828574
Assalamualaikum pelanggan.. ğŸ™ğŸ»,1733646279
,1702212045
#halfthaimexicanğŸ‡¹ğŸ‡­ğŸ‡²ğŸ‡½ #lasiancheck #latino #asian #mexicoğŸ‡²ğŸ‡½ #thaiğŸ‡¹ğŸ‡­ ,1717559777
#salvadorbwi ,1730870671
#cambodiangirls #khmer ,1722042839
happy aapi month ğŸ¥³ #asian #aapiheritagemonth #aapimonth @Hungry Airr @Coldstblu ğŸ“¸ @Johnny ,1715718276
Maybe the first one #blasian #foryou ,1709900216
What Asian are you? ğŸ˜ use the audio let me know! #whatasianareyou #asian #vietnamesecheck,1630704414
,1720664389
#Ajhai vana I am gangster wife vanira ğŸ˜€#fypã‚· #viral #video #account #foryou #foryoupage #lyricsofsongs ,1681099521